414992,901914,B,B,B,U
415948,437487,B,B,B,B,B,B,B,B,B,B,B,B,B,B,B,B,B,B,B,B,B,B,B,B,B,B,B,B,B,B,B,B,B,B,B,B,B,B,B,B,B,B,B,B,B,B,B,B,B,B,B,B,B,B,B,B,B,B,B,B,B,B,B,B,B,B,B,B,B,B,B,B,B,B,B,B,B,B,B,B,B,B,B,B,B,B,B,B,B,B,B,U,A,A,A,A,A,A,A,A,A,A,A,A,A,A,A,A,A,A,A,A,A,U,A,U,S,S,S,S,S,S,A,A,A,A,A,U,A,A,U,S,U,B,U,S,U,S,U,S,U,B,U,S,U,S,U,B,B,B,B,B,U,B,B,S,S,U,B,B,B,U,B,B,S,S,U,S,U,B,B,B,B,B,B,B,B,B,B,B,B,B,B,B,B,B,B,B,B,B,B,B,B,B,B,B,B,B,B,B,B,B,B,B,B,B,B,B,B,B,B,B,B,B,B,B,B,B,B,B,B,B,B,B,B,B,B,B,B,B,B,B,B,B,B,B,B,B,B,B,B,B,B,B,B,B,B,B,B,B,B,B,B,B,B,B,B,B,B,B,B,B,B,B,B,B,B,B,B,B,B,B,B,B,B,B,B,B,B,B,B,B,B,B,B,B,B,B,B,B,B,B,B,B,B,B,B,B,B,B,B,B,B,B,B,B,B,B,B,B,B,B,B,B,B,B,B,B,B,B,B,B,B,B,B,B,B,B,B,B,B,B,B,B,B,B,B,B,B,B,B,B,B,B,B,B,B,B,B,B,B,B,B,B,B,B,B,B,B,B,B,B,B,B,B,B,B,B,B,B,B,B,B,B,B,B,B,B,B,B,B,B,B,B,B,B,B,B,B,B,B,B,B,B,B,B,B,B,B,B,B,B,B,B,B,B,B,B,B,B,B,B,B,B,B,B,B,B,B,B,B,B,B,B,B,B,B,B,B,B,B,B,B,B,B,B,B,B,B,B,B,B,B,B,B,B,B,B,B,B,B,B,B,B,B,B,B,B,B,B
421341,312644,B,B,B,B,B,B,B,B,B,B,B,B,B,B,B,B,B,B,U,A,B,B,B,B,U,B,B,B,B,B,B,B,B,B,B,B,B
425099,288497,U,A,B,B
430545,168694,B,B,B,B,B,B,B,B,B,B,B,B,B,B,B,B,B,B,B,B,B,B,B,B,B,B,B,B,B,B,B,B,B,B,B,B,B,B,B,B,B,B,B,B,B,B,B,B,B,B,B,B,B,B,B,B,B,B,B,B,B,B,B,B,B,B,B,B,B,B,B,B,B,B,B,B,B,B,B,B,B,B,B,B,B,B,B,B,B,B,B,B,B,B,B,B,B,B,B,B,B,B,B,B,B,B,B,B,B,B,B,B,B,B,B,B,B,B,B,B,B,B,B,B,B,B,B,B,B,B,B,B,B,B,B,B,B,B,B,B,B,B,B,B,B,B,B,B,B,B,B,B,B,B,B,B,B,B,B,B,B,B,B,B,B,B,B,B,B,B,B,B,B,B,B,B,B,B,B,B,B,B,B,B,B,B,B,B,B,B,B,B,B,B,B,B,B,B,B,B,B,B,B,B,B,B,B,B,B,B,B,B,B,B,B,B,B,B,B,B,B,B,B,B,B,B,B,B,B,B,B,B,B,B,B,B,B,B,B,B,B,B,B,B,B,B,B,B,B,B,B,B,B,B,B,B,B,B,B,B,B,B,B,B,B,B,B,B,B,B,U,B,B,B,B,B,B,B,U,B,B,B,B,B,B,B,B,B,B,B,B,B,B,U,B,B,B,B,B,B,B,B,B,U,A,B,B,B,B,B,U,B,B,B,B,B,U,B,A,B,B,B,B,B,B,B,B,B,B,U,B,U,B,U,B,B,U,B,U,A,B,B,B,B,B,B,B,U,A,U,A,U,B,B,B,B,U,B,B,B,B,B,B,U,B,B,U,B,A,U,B,U,B,B,B,U,B,U,B,U,B,U,B,U,B,B,A,A,U,B,B,A,A,A,A,U,S,U,A,B,A,U,A,A,U,S,U,A,U,S,S,S,B,A,U,A,A,U,A,A,A,U,B,U,B,A,U,A,U,B,A,U,S,U,A,U,B,A,A,B,U,A,U,S,U,S,U,A,U,B,B,A,A,A,U,A,U,A,A,U,S,A,A,B,U,A,A,U,A,B,A,S,U,B,A,U,A,U,A,U,A,U,B,A,U,S,U,S,A,U,B,A,U,A,U,A,U,A,U,A,U,S,U,S,U,B,A,U,A,B,U,B,B,U,B,U,B,U,B,U,B,B,U,S,B,A,U,B,U,A,B,B,U,B,B,B,B,U,B,B,B,U,B,B,B,B,U,B,B,B,B,B,B,U,B,B,B,U,B,B,B,B,B,B,B,B,B,B,U,B,B,B,B,B,B,U,B,U,S,U,A,U,B,A,U,B,U,A,U,B,U,A,U,A,B,B,U,A,U,B,U,B,U,A,B,A,B,B,B,B,B,B,B,B,B,B,U,B,B,B,B,U,A,U,B,B,U,B,B,B,U,B,B,U,B,U,B,U,B,U,B,U,A,B,B,U,A,U,A,B,B,U,B,B,B,B,B,B,B,U,B,B,A,U,B,B,B,B,B,B,B,B,B,B,B,B,B,B,U,A,U,B,U,B,U,B,B,B,B,B,B,B,B
439108,1366714,B,B,B,B,B,B,B,B,U,B,B,B
454503,3035375,A,A,A,A,A,U,B,U,B,A,A
456194,896163,A,A,A,A,A,A,A,A,A,A,A,A,A,A,A,A,A,A,A,A,A,A,A,A,A,A,A,A,A,A,A,A,A,A,A,A,A,A,A,A,A,A,A,A,A,A,A,A,A,A,A,A,A,A,A,A,A,A,A,A,A,A,A,A,A,A,A,U,S,A,A,A,A,A,A,A,A,A,A,A,A,A,A,A,A,A,A,A,A,A,A,A,A,A,A,A,A,A,A,A,A,A,A,A,A,A,A,A,A,A,A,A,A,A,A,A,A,A,A,A,A,A,A,A,A,A,A,A,A,A,A,A,A,A,A,A,A,A,A,A,A,A,A,A,A,A,A,A,A,A,A,A,A,A,A,A,A,A,A,A,A,A,A,A,A,A,A,A,A,A,A,A,A,A,A,A,A,A,A,A,A,A,A,A,A,A,A,A,A,A,A,A,A,A,A,A,A,A,A,A,A,A,A,A,A,A,A,A,A,A,A,A,A,A,A,A,A,A,A,A,A,A,A,A,A,A,A,A,A,A,A,A,A,A,A,A,A,A,A,A,A,A,A,A,A,A,A,A,A,A,A,A,A,A,A,A,A,A,A,A,A,A,A,A,A,A,A,A,B,B,B,B,B,B,B,B,B,B,B,B,B,B,B
466328,288864,B,B,B,B,B,B,B,U
474075,875864,S,S,U,S,S,U,S,U,S,U,A,U,A,A,B,U,A,U,B,B,A,U,B,B,B,B,B,B,B,B,B,B,B,B,B,B,B,B,B,B,B,B,U,B,B,B,B,B,B,U,A,B,B,B,B,U,B,B,A,S,U,B,U,B,B,B,B,B,B,B,B,B,B,B,B
476423,295975,U,B,U,B,U,B,B,B,S,U
476886,120586,B,B,B,B,B,B,B,B,B,B,B,B,B,B,B,B,B,B,B,B,B,B,B,B,B,B,B,B,B,B,B,B,U,B,B,B,B,U,B,U,B,U,B,B,B,B,B,B,B,B,B,B,B,B,B,B,B,B,B,B,B,B,B,B,B,B,B,B,B,B,B,B,B,B,B,B,B,B,B,B,B,B,B,B,B,B,B,B,B,B,B,B,B,B,B,B,B,B,B,B,B,B,B,B,B,B,B,B,B,B,B,B,B,B,B,B,B,B,B,B,B,B,B,B,B,B,B,B,B,B,B,B,B,B,B,B,B,B,B,B,B,B
481975,824372,S
494631,779665,B,B,B,B,B,U,A,U,B,U,B,B,U,S,U,B,U,B,B
496485,1280908,B,B,B,B,B,B,B,B,B,B,B,B,B,B,B,B,B,B,B
498853,808171,B,B,B,B,U,B,A,U,S,B,B,B,U,B,B,B,B,B,B,B,B,B,B,B,B,B,B,B,B,B,B,B,B,B,B,B,U,B,B,B,B,B,B,B,B,B,B,B,S,U,B,U
499831,904721,U,S,U,S,B,U,B,U,S,U,B,B,B,B,B,B,B,B,B,B,B,B,B,B,B,B,B
502227,926708,A,A,A,A,U,B,B,B,B,B,B,B,B,B,B
503559,848095,B,B,U,S,U,B
510864,932445,A,A,A,A,U,B
513321,932055,B,B,B,B,B,B,B,B,B,B,B,B,B,B,B,B,B,S,B
515116,897450,B,B,B
515150,10525760,B,B,B,B,B,B,B,B,B,B,B,B,B,B,B,B,B,B,B,B,B,B,B,B,B,B,B,B,B,B,B,B,B,B,B,B,B,B,B,B,B,B,B,B,B,B,B,B,B,B,B,B,B,B,B,B,B,B,B,B,B,B,B,B,B,B,U,B,B,B,B,B,B,B,B,B,B,B,B,B,B,B,B,B,B,B,U,B,B,B,B,B,B,B,B,B,B,B,B,B,B,B,B,B,B,B,B,B,B,B,B,B,B,B,B,B,B,B,B,B,B,B,B,B,B,B,B,B,B,B,B,B,B,B,B,B,B,B,B,B,B,B,B,B,B,B,B,B,B,B,B,B,B,B,B,B,B,B,B,B,B,B,B,B,B,B,B,B,B,B,B,B,B,B,B,B,B,B,B,B,B,B,B,B,B,B,B,B,B,B,B,B,B,B,B,B,B,B,B,B,B,B,B,B,B,B,B,B,B,B,B,B,B,B,B,B,B,B,B,B,B,B,B,B,B,B,B,B,B,B,B,B,B,B,B,B,B,B,B,B,B,B,B,B,B,B,B,B,B,B,B,B,B,B,B,B,B,B,B,B,B,B,B,B,B,B,B,B,B,B,B,B,B,B,B,B,B,B,B,B,B,B,B,B,B,B,B,B,B,B,B,B,B,B,B,B,B,B,B,B,B,B,B,B,B,B,B,B,B,B,B,B,B,B,B,B,B,B,B,B,B,B,B,B,B,B,B,B,B,B,B,B,B,B,B,B,B,B,B,B,B,B,B,B,B,B,B,B,B,B,B,B,B,B,B,B,B,B,B,B,B,B,B,B,B,B,B,B,B,B,B,B,B,B,B,B,B,B,B,B,B,B,B,B,B,B,B,B,B,B,B,B,B,B,B,B,B,B,B,B,B,B,B,B,B,B,B,B,B,B,B,B,B,B,B,B,B,B,B,B,B,B,B,B,B,B,B,B,B,B,B,B,B,B,B,B,B,B,B,B,B,B,B,B,B,B,B,B,B,B,B,B,B,B,B,B,B,B,B,B,B,B,B,B,B,B,B,B,B,B,B,B,B,B,B,B,B,B,B,B,B,B,B,B,B,B,B,B,B,B,B,B,B,B,B,B,B,B,B,B,B,B,B,B,B,B,B,B,B,B,B,B,B,B,B,B,B,B,B,B,B,B,B,B,B,B,B,B,B,B,B,B,B,B,B,B,B,B,B,B,B,B,B,B,B,B,B,B,B,B,B,B,B,B,B,B,B,B,B,B,B,B,B,B,B,B,B,B,B,B,B,B,B,B,B,B,B,B,B,B,B,B,B,B,B,B,B,B,B,B,B,B,B,B,B,B,B,B,B,B,B,B,B,B,B,B,B,B,B,B,B,B,B,B,B,B,B,B,B,B,B,B,B,B,B,B,B,B,B,B,B,B,B,B,B,B,B,B,B,B,B,B,B,B,B,B
515558,890792,B,B,B,U,B,U,A,U,B,B,B,U,A,U,A,A,U
515959,298674,B,B,B,B,U,A,B,U,B
516020,906102,A,A,A,A,A,B,A,B,U,A,A,A,U,A,A,A,A,B,B,U,B,A,A,A,A,U,A,B,U,B,U,B,U,A,B,A,U
516140,918806,A
519315,4835102,B,U,B
522275,1292068,B,B
524568,920501,B,A,A,B,B,B,U,B,U,S,B,B,B,B,B
525858,856961,B,B,B,B,B,B,B,B,B,B,B,B,B,U,B
526425,919244,B,A,A,U,B,U,B,B,B,B,B,U,S,S,U,B,S,S,U,B,B,B,U,B,B,B,B,B,B,B,B,B,B,B,B,B,B,B,B,U
527030,1317076,B,U,B,B,B,B,B,B,B,B,B,B,B,B,B,B,B,B
530163,1328141,U,B,U,B,B,U,B,B,B,B
533910,1505471,A,A,A,A,A,A
537520,808371,B,U,A,U
539211,2821801,B,U,B,B,B,B
542270,1270878,B,B,B,B,B,B,B,B,B,B,B,B,B,B
542814,5706641,U,A
545476,808458,B,B,B,U,B,B,B,B
556570,771349,A,A,U,A,U
556914,885502,U
560839,892104,B,U,B,U,B,U
566146,5147613,A,A,A,A,A,A,A,A,A,A,A,U
578453,876963,B,U,B,B,A,U,B,U,A,A,U,S,S,U
580897,1383048,S
583547,919880,A,U,A,U
589152,1438981,B,U,B,U,B,B,B,B,B,U,B,B,B,B,B
592813,874596,B,U,B,U,B,U,B,U,B,B
593662,2798449,B,B,U,B,U,A,B,B,B,B,B,B,B,U,B,U,B
596041,2064432,B,B,U,A,U,B,U,B
596610,833133,B,B,B,B,U,S,U,S,A,U,B,U,B,B,U,B,U,S,U,S,U,B,U,S,U,B,B,U,B,B,U,S,B,B,U,B,U,B,U,B,B,B,B,B,B,B,B,B,B,B,B,B,B,B,B,B,B,B,B,B,B,B,B,B,B,B,B,B,B,B
598671,947901,B,B,B,U,B,B,B,B,B,B,B,B,B,B
599574,779136,B,B,B,B,B,U,B,B,B,B,B,B,B,B,B,B,B,B,B,B
602348,1433840,U,B,A,U,S,U,S,B,B,U,B,B,B,B,U,B,U,B,A,S,U,S,U,B,U,B,B,B,U
602462,913497,B,U,A,U,S,U,B,A,U,A,U,A,A,S,U,B,U,B,U,A,U,B,B,U,A,B,U,A,U,A,U,B,U,B,U,B,U,S,S,S,U,B,S,B,B,B,B,B,B,U,B,B,U,B,U,B,B,B,B,B,U,B,U,B,U,B
604881,918574,U,B,B,B,B
606643,794779,B,B,B,B,B,B,B,B,B,B,B,B,B,B,U,B,B,B
610027,892544,B,B,U,A,U,B,U,S,U,S,B,U,B,U,B,U,A,A,A,A,A,B,A,A,A,A,A,A,A,A,A,A,A,A,A,A,U,A,S,U,A,U,B,U,S,S,S,U,S,U,A,S,S,S,S,U,A,U,S,S,S,U,A,U,B,U,A,A,A,U,S,S,S,U,S,A,U,B,U,B,U,S,S,A,U,A,B,U,A,S
619636,926955,A,U,A,U,A,U
620680,2138614,A,A,A,U,B,U,S,S,S,U,A,U,S,S,S,S,S,S,S,S,S,S,S,S,S,S,S,S,S,S,S,S,S,S,S,S,S,S,S,S,S,S,S,S,S,S,S,S,S,S,S,S,S,U,B,U,S,S,S,S,S,U,S,S,S,A,A,A,A,A,A,A,U,A,U,A,A,A,A,A,A,A,A,A,A,A,A,U,S,S,U,B,U,S,U,S,S,U,B,U,B,B,B,B,B,B,U,B,U,B,B,B,B,B,B,B,B,B,B,U,A,U,B,B,U,B,B
626149,292166,U
628375,920713,U,B,B,B,B,B,B,S,S,U,S,S,U,S,B,B,B,B,B,B,U,B,B,B,B,B,B,B
633482,3077509,B,B,U,B,B,B,B,B,B
635548,1337789,B,U,A,U
636559,380211,B,B,B,B,B,U
636834,2802846,U,S,S,S
638055,1517862,B,U,A,U,A,S,U,S,U,B,B,B,U,B,S,S,S,U,S,U
639006,1344678,B,U,A,B,B,B,U,B,B,U,B,U,B,B,B,B,B,B
639037,92232,B,B,B,B,U,B,U,B,B,B,B
643630,1367726,A,A,A,A,A,A,A,A,A,A,A,A,A,A,A,A,A,A,A,U,S,A,A,A,A,A,A,A,A,A,U,A,A,A,A,A,A,A,A,U,B,A,B,U,B,B,B,B,B,B,B,B,B,B,B,B,B,B,B,B,B
645025,1286761,B,B,B,B,U,B,B,B,B,B,B,B,B,B,B,B,B,B,B,B,B,B
649451,867222,A,A,U,B,B,B,B,U,A,U,A,U,A,A,A,U,A,B,U,A,B
653911,2235770,B,B,U,B,B,B
655568,2080564,B,B,U,B,B,B,B,B,B,B,U
662645,1328163,U
665150,1487634,B,A,B,U,A,B,B,B,B,B,B,B,B,B,B,B,B,B,U,S,S,S,S,S,S,S,S,U,S,S,S,S
673256,881755,B,B,B,B,A,A,A,A,A,A,A,A,A,A,A,A,U,A,U,A,A,A,A,A,A
679483,1323266,B,B,B,B,B,B,B,B,B,B,B,B,B,B,B,B,B,B,B,B,B,B,B,B,B,B,B,B,B,B,B,B,B,B,B,B,U,B,B,B,B,A,B,B,B,B,U,B,B,U,S,U,B,B,B,B,B,B,B,B,B,B,B,B,B,B,B,B,B,B,B,B
679939,802262,B,B,B,B,B,B,B,B,U,B,U,A
682287,1330528,U,B,U,S,S,B,B
683498,1291218,A,A,A,A,B,B,B,B,B,B,B,B,B,B,B,B,B,B,B,B,B,B,B,B
688419,289583,B,B,U,B,U,S,U,B,B,U,S,U,S,B,U,S,S,S,S,S,S
689040,294227,B,B,B,U,A,U,B,B,U
690922,1484690,B,B,B,B,B,B,B,U,B,U,B,B,U,S,U,S,S,S,S,S,U
694859,816027,B,U,A
695623,885466,B,B,B,B,U
701712,1510248,B,B,B,B,B,B,B,B,B,B,B,B,B,B,B,B,A,A,A,A,A,A,A,U,B,B
706495,777964,B,B,B,B,B,B,B,B,B,B,B,B,B,B,B,B,B,B,B,B,U,B,U,B,B,U,B,B,U,B,B,B,B,B,B,U,S,B,U,B,U,B,B,B,B,B,B,B,B,B,B,B,B,B,B,B,B,B,B,B,B,B,B,B,B,B,B,B,B,B,B,B,B,B,B,B,B,B,B,B,B,B,B,B,B,B,B,B,B,B,B,B,B,B,B,B,B,B,B,B,B,B,B,B,B,B,B,B,B,B,B,B,B,B,A,B,B,B,B,B,B,B,B,B,B,B,U,B,B,B,B,B,B,B,B,B,B,B,B,B,B,B,B,B,B,B,B,B,B,B,B,B,B,B,B,B,B,B,B,B,B,B,B,B,B,B,B,B,B,B,B,B,B,B,B,B,B,B,B,B,B,B,B,B,B,B,B,B,B,B,B,B,B,B,B,B,B,B,B,B,B,B,B,B,B,B,B,B,B,B,B,B,B,B,B,B,B,B,B,B,B,B,B,B,B,B,B
718497,2988970,B,B,U,B,A,A,U,B,U,B,B,U,S,U,S
742086,5763375,B,B,A,A,B,B,U,B,B
742881,1341486,B,B,B,B,B,B,B,B,B,B,B,B,B,B,B,B,B,B,B,B,B,B,B,B,B,B,B,B,B,B,B,B,B,B,B,B,B,B,B,B,U
743709,417856,B,B,B,B,B,B,B,B,B,B,B,B,B,B,B,B,U
743906,670708,B,B,U,A,U,A,S,S,S,U,S,S,S,U,B
743965,1458973,U
749787,911552,B
757657,908579,B
765461,3065136,U,B,S
773243,2769587,B,B,U,A,A,B,U,A,B,U,B,B,A,A,A,U,A,U,B,B,B,B,B,B,B,B,B,B,B,B,B,B,B,B
775656,811201,B,B,B,B,B,U,B,B,B,B,B,B,B,B,B,B,B,B,U,B,A
778738,2937176,A,A,U,B,U
782203,2062287,U,B,U,A
782553,1318196,U,B,U,B,B,U
787069,2950331,B,U,B,A,A,A,U,B,A
791573,4798222,A,A,A,A,A,B,A,A,A,A
792931,2847349,U
794748,1324064,U,B,B
797337,4883880,A,A,A,A,A,A,A,U,B,B,B,B,B
801436,2877784,B,B,U,B,B,B,B,B,B,B,B,U
803644,881598,A,A,A,A,S,A,A,U,B,B,B
806630,1422265,B,B,B,U,B,B,B,B,B,B,B,B
817539,1417636,B,B,B,B,A,A,A,U,S,A,U,B,U,B,U,S,U,A,A,U,A,S,S,U,B,B,B,B,B,B,A,A,A,U,A,A,U,B,B,B,B,B,B,B,B,B,B,B,B,B,B,B,B,B,B,B,B,B,B,B,B,B,B,B,B,B,B,B,A,A,A,A,A,A,A,A,A,A,A,A,A,A,A,A,A,A,A,S,U,B,A,B,A,B
821056,908966,B,B,B,B,U,B,B,B,B,B,B,B,B,B,B,B,B,B,B,B,B,B
822703,1308716,B,B,B,U,B,B,B,B,B,B
824632,1507131,U
825564,2966301,A,A,A,A,A,A,A,A,A,A,A,A,A,A,A,U,B,S,B,U,B,U,B,U
830323,4694211,A,A,A,A,A,A,A,A,A,A,A,A,A,A,A,A,A,A,A,A,A,A,A,A,A,A,A,A,A,A,A,A,A,A,A,A,A,A,A,A,A,A,A,A,A,A,A,A,A,A,A,A,A,A,A,A,A,A,A,A,A,A,A,A,A,A,A,A,A,A,A,A,A,A,A,A,A,A,A,A,A,A,A,A,A,A,A,A,A,A,A,A,A,A,A,A,A,A,A,A,A,A,A,A,A,A,A,A,A,A,A,A,A,A,A,A,A,A,A,A,A,A,A,A,A,A,A,A,A,A,A,A,A,A,A,A,A,A,A,A,A,A,A,A,A,A,A,A,A,A,A,A,A,A,A,A,A,A,A,A,A,A,A,A,A,A,A,A,A,A,A,A,A,A,A,A,A,A,A,A,A,A,A,A,A,A,A,A,U,A,A,A,A,A,A,A,A,A,A,A,U,A,A,A,A,A,A,A,A,A,A,A,U,A,A,A,A,A,A,A,A,A,A,A,A,A,A,A,A,A,A,A,U,A,A,B,A,A,A,A,A,A,A,A,A,A,A,A,A,A,A,A,A,A,A,A,A,A,A,A,A,A,A,A,A,A,A,A,U,A,U,A,A,A,A,A,A,A,A,A,A,A,A,A,A,A,A,A,A,A,U,B,U,A,U,A,A
830554,2982808,B,B,B,B,B,B,B,B,U,B,B,B,B
833995,1485338,B,B,U,A,U,B,B,B,U,B,B,B,B,B,B
834352,1428454,B,B,B,U,B,B,B,A,U
845886,3029252,U,S,U,A,A,A,B
847854,953097,B,B,B,B,B,U,A,A,A,U,A,B,A,B,B,A,U,A,B,U,B,A,U,A,B,U,B,U,B,B,U,S,U,B
850345,3051015,A,A,U,B
855104,809164,B,B,B,B,B,B,B,B,B,B,U,B,B
857627,801832,B,B,B,B,B,B,B,B,B,B,B,B,B,B,B,U,A,A,A,A,U,B,B,B,B,U
859625,801513,B,B,B,B,B,B,B,B,U
864136,3094025,S,U,S,S,S,U,S,S,S,S,S,S,S,U,S,S,S,S,U,S,S,S,S,S,U,S,S,U,A,U,S,S,A,U,S,S,S,S,S,S,S,S,U,S,S,S,S,U,S,S,S,S,S,S,U,S,S,S,S,U,S,U,S,U,S,U,B,U,B,U,B,B,B,B,B,B,B,B,U,B,B,U,B,U,B,B,U,B,B,B,U,B,B,B,B,B,U,B,B,B,B,B,B,B,B,B,B,B,B,B,B,B,B
864710,2078475,U,A,B,U,S,S,U,S,S,U,A,U
871086,1314130,B,B,B,U,B,B,B,B,B,B,B,B,B,B,B,U,A,A,U,B
877176,3078999,B,B,B,U,B,A,B,B,U,B
879371,3131566,U,B,B,B,B,B,B,B,B,B,B,B,B,B,B,B,B,B,B,B,B,U,B,B,B,B,B,B,B,B,B,B,B,B,B,B,B,B,B,B,B,B,B,B,B
884592,770609,B,B,B,B,B,B,B,B,B,B,B,B,B,B,B,B,S,S,S,S,B,B,B,B,B,B,S,U,S,B,S,S,S,S,S,S,B,B,B,B,B,B,B
885115,931907,B,B,B,B,U,B,U,B,A,U,A,S,B,U,B,U,B,U,S,U
896870,4718841,A,U,B,U,A,U,B,U,B,A,B,B,U,A,A,U,B,B,B,B,U,A,B,U,B,U,A,U,A,B,B,U,A,U,B,U,A,U,B,B,A,B,U,A,B,A,B,A,U,A,A,U,A,B,A,A,U,A,U,B,B,B,B,A,U,B,U,B,U,B,U,B,S,B,U,B,U,A,B,U,A,B,A,B,B,U,A,U,B,B,U,B,S,U,S
897854,2973494,B,B,U,B,B,B,B
898034,2841162,B,B,B,B,B,B,B,B,B,U,B,B,B,B,B,B,B,B,B
915332,5175934,B,U,B,U,A,B,U,A,U,S,B,U,S,S,U,S,S,U,B,U,S,U,B,B,B,B,B,B,B,B,B,B,B,B,B
929546,2849694,A,U
929999,2076997,B,B,B,B,B,B,B,U,A,A,U,A,B,B,U,B,U,B,B,A,U,B,A,U,B,B,B,B,B,B,B,B,B
933105,890078,A,A,A,A,A,A,A,A,B,B,B,B,B,B,B
933277,5029270,B,B,B,B,U,B,U,A,A,U,B,U,A,U,B,U,B
933294,902731,B,B,B,B,A,U,S,S,U
933451,5099889,U,A,A,A,A,A,U,S,S,S,S,S,S,S,U,S,S,S,S,S,S,U,S,U,A,U,S,S,S,S,S,S,S,S,S,S,S,S,S,S,S,S,S,S,S,S,S,S,S,S,U,S,S,U,S,U,B,B,B,B,B,B,B,B,B,B,B,B,B,B,U,S,S,S,S,S,S,S,U,S,S,S,S,S,S,S,S,S,S,S,S,S,S,S,S,S,S,S,U,S,U,S,U,B,A,U,S,U,A,U,S,S,S,U,S,S,S,S,U,B,B,B,B,B,B,B,B,B,B,B,U,S,A,A,A,A,A,A,A,A,A,A,A,A,B,B,B,B,B,B,B,U,A,A,U,B,U,A,B,B,B,B,B,B,B,B,B,B,B,B,B,B
933503,2994831,B,U,A,U,A,U,B,A
933520,864446,B,B,B,B,B,B,B,B,B,B,B,B,U,A
933525,1299246,B,B,B,B,U,B,A,A,U,A
933545,5863480,B,U,S,S,S,U,S,S,U,A
933555,885588,B,B,B,U,B,B,B,B,B,B
934782,6233367,A,A,A,A,A,A,A,A,U,B,B,B,B,B,B,B
935600,892702,B,B,B,B,B,B,B,B
936127,1292645,U
937234,5925930,B,U,A,B,U,B,B,A,A,U,A,A,A,U,A,U,B,B,U,B,A,B,U,B,U,B
938863,6111603,U,B,B,B,B,B,B
938893,392744,B,B,B,B,B,B,B,B,A,A,A,U,B,U,B,B,U,B,B,U,S,U,B,B,U,S,B,B
943539,1394159,B,B,U,S,U,B,B,U,B,B,B,B
945172,1830602,A,U,B,B
946145,6010897,A,A,A,A,U,A,U
949534,3421818,B,U,B,U,B,B,B,U
951073,6026706,B,B,B,B,U,A,U,A,A,B,B,A
956660,6011863,U,B,B
961188,5689211,B,B,A
961898,2974876,A,U,B,B,B,B,B,B,B,B,B,B,B,B,B,B,B,B,B,B,B,B,B,B,B,B,B,B,B,B,B,B,B,B,B,B,B,B,B,B
965184,896069,A,B
965200,2637632,B,B,B,B,U,B,A,A,U,B,B,U,B,U,B,U,A,B,U,B,B,A,U,B,B,B,B
967797,2989140,A,A,A,A,A,A,A,A,A,A,A,U,A,U,S,U,A,U,B,U,B,U,B,B,B,B,B,B,B,B,B,B,B,B,U,B,U,B,B,B,B,B,B,B
968377,1296211,B,U
969633,6256069,B,U,A,U,B,U,S,S,U,S,U
970096,5947306,B,U
970795,6264260,U,A,S,U,S,U,S,B,B
972154,814452,B,B,B,B,B,U
973769,5860126,U,B,U,B,S,S,U,B,A,A,U,A,A,A,U,B,U,B,U,A,U,B,A,U,B,U,B,U,A,U,A,U,B,U,A,U,A,U,A,U,A,B,U,A,U,B,B,B,U,A,U,B,A,U,A,B,U,B,U,B,U,B,U,B,U,B,U,A,U,B,B,B,B,B,B
974041,5367685,B,B,B,B,B,B,B,B,B,B,B,B,B,B,B,B,B,B,B,B,B,B,B,B,B,B,B,B,B,B,B,A,A,U,B,B,B,B,B,B,B,B,B,B,B
978289,4858904,U,A,U,S,B,B,B,B,B
985440,4870926,S,S,S
985461,1381718,B,B,B,B,B,B,B,B,B,B,B,B,B,U,B,U,B,U,B,B,B,B,B,B,B
990254,799864,B,B,B,B,B,B,B,B,B,B,U,B,B,U,A,A,A,A,A,A,A,A,A,A,A,U,S,S,B
991659,875616,B,A
995697,5293776,B,B,B,U,B,U,S,U,B,U,B,S,S,S,S,S,S,S,U,S,U,S,U,S,S,S,S,S,S,S,S,S,U,B,U,A,A,U,A,A,U,A,A,A,A,A,A,U,A,U,A,U,A,U,A,A,U,A,S,A,A,U,A,U,A,U,S,B,S,A,S,B,U,B,A,U,B
996539,2109802,B,B,B,B,U,S,S,U,B
998276,798417,S,U,B
999054,2941357,U,A,B,U,B,B,U
999971,6300391,U,B,U,A,U,S,U,S,S,U,B,U,B,U,B,U,A,U,B,U,S,U,B,U,B,U,S
1001354,5124649,B,B,U,B,U,A,A,A,U,B,B,U,B,B,B,U,B,B,B,B,B,U,B,B,B,B,B,U,B,U,S,U,B,B,U,B,B,B,B
1005723,5339340,B,B,B,B,B,B,U,A
1005951,1740548,B,B,B,B,B,B,U,A,A,B,B,B,B,B,B,B,B,U,B,U,B,B,B,B,B,B,B,B,B,B,B,B,B,B,B,B,B,B,B,B,B,B,B,B,B,B,B,B,B,B,B,B,B,B,B,B,B,B,B
1009598,6274773,B,B,B,B,U,A,B,B,B,B,A,B,U,B,B,B,B,B,B,B,B,B,B,B,B,B,B
1016261,941422,B,B,B,B,U,A,U,A,U,A,U,A,U,B,B,U,B,U,B,B
1017740,2953486,B,B,A,B,U
1018908,5675405,B,B,U,B,B,B
1025590,6406936,B,U,B,B,B,B,B,B,B,B,B,B,B,B,B,B,B,U,B,B,U,A,U,B
1030547,1276787,B,B,B,B,B,B,B,B,B,B,B,B,B,B,B,B,B,B,B,B,B,B,B,B,B,B,A,A,S,S,S,U,S,A,B,B,B,U,B,B,B,B,B,B,B,B,B,B,B,B,B,B,B,B,B,B
1031599,2105623,U,A,U,A,S,U,S,U,S,S,U,S,B
1032363,5105529,B,U,B,B,B,B,B
1037625,6083051,B,B,B,B,B,B,B,B,B,B,B,B,B,B,B,B,B,B,B,B,B,B,B,B,B,B,B,B,B,B,B,B,B,B,B,B,B,B,B,B,B,B,B,B,B,B,A,A,S,S,S,S,S,S,S,S,S,S,S,S,S,S,S,U,S,U,A,A,A,A,S,U,S,U,S,S,S,U,A,U,A,A,U,A,A,A,A,U,A,U,B,A,A,U,B,S,U,A,U,A,S,U,A,U,A,A,A,A,A,A,A,A,A,A,A,A,A,A,A,A,A,A,A,A,A,A,A,A,A,A,A,A,A,U,A,U,S,S,S,A,B,U,S,S,S,S,S,U,A,S,S,U,S,U,A,U,B,U,B,B,B,U,A,A,B,U,A,U,A,U,S,U,S,S,S,S,S,S,U,S,S,S,S,U,S,U,S,S,U,B,S,U,S,U,B,B,B,U,B,B,B,B,B,B,B,B,B,B,B,B,B,B,B,B,B,B,U,S,S,S,B,U,S,S,S,S,U,B,U,B,B,U,A,A,U,S,A,U,B
1037896,6171645,U,S,U,S,B,U,S,U,B,B,B,B,B,B,B,B,B,B,B,B,B,U,B,B,U,B,B,B,B,B,B,B
1040542,777536,B,B,B,B,B,B,B,B,B,B,B,B,B,B,B,B,B,B,B,B,B,B,B,B,U,B,B,U,B,B,B,B,B,B,B,B,B,B,B,B,B,B,U,A,U,B,B,U,A,B,U,B,A,B,U,B,B,B,U,A,U,B,B,B,B,B,U,B,B,B,U,A,B,U,B,B,B,B,U,A,U,B,B,U,B,U,B,B,U
1053506,6299263,B,A
1059898,4899934,U,B,U
1062554,6333536,U,B,B,B,B,B,B,B,B,B
1062694,5657589,B,B,B,U,B,U,S,U,B,B
1062865,1484990,B,U,B,B,U,B,B
1066055,1398790,B,B,B,U,B,B,B,B,B
1066065,6233475,B,U,S,U,B,U,B,U,B,U,B,B,B,B,B,B,B,B,B
1070244,2972606,B,U,A,U,B,B
1074455,4018043,B,B,B,B,B,B,B,B,B,B,B,B,B,B,U,B,U,S,U,B,U,A,S,U,A,B,B,U,B,U,A,U,B,U,B,U,B,U,A,U,B,U,S,U,B,U,B,U,B,B,U,B,S,U,B,U,B,U,B,B,B,B,U,B,U,B,A,U,B,B,B,B,S,B,U,B,U,B,U,B,B,B,B,B,B,B,B,B,B,B,B,U,B,U,B,B,B,B,B,B,B,U,B,B,B,B,B,B,B,U,B,B,B,B,B,B,B,B,B,B,B,B,B,B,B,B,B,B,B,B,B,B,B,B,B,B,B,B,B,B,B,B,B,B,B,B,B,B,B,B,B,B,B,B,B,B,B,B,B,B,B,B,B,B,B,B,B,B,B,B,B,B,B,B,B,B,B,B,B,B,B,B,B,B,B,B,B,B,B,B,B,B,B,B,B,B,B,B,B,B,B,B,B,B,B,B,B,B,B,B,B,B,B,B,B,B,B,B,B,B,B,B,B,B,B,B,B,B,B,B,B,B,B,B,B,B,B,B,B,B,B,B,B,B,B,B,B,B,B,B,B,B,B,B,B,B,B,B,B,B,B,B,B,B,B,B,B,B,B,B,B,B,B,B,B,B,B,B,B,B,B,B,B,B,B,B,B,B,B,B,B,B,B,B,B,B,B,B,B,B,B,B,B,B,B,B,B,B,B,B,B,B,B,B,B,B,B,B,B,B,B,B,B,B,B,B,B,B
1087064,4858992,B,B,U,B,B,B,B,B,B,B,B,B,B,B,B,B,B,B,B,B,B,B,B,B,B,B,B,B,B,B,B,B,B,B,B,B
1090340,1289243,B,B,B,B,B,B,B,B,B,B,B,B,B,B,B,B,B,B,B,U,A,U,A,U,S,S,A,S,U,A,U,B,B,B,B,B
1094379,2771237,B,B,B,B,B,B,B,B,B,B,B,B,B,B,B,B,B,B,B,B,B,B,U,S,U,A,A,A,A,A,A,A,A,A,A,A,A,A,A,S,U,S,S,S,S,S,S,U,B,B,B,B,B,B,B,B,B,B,B,B,B,B,B,B,B,A,A,A,A,A,A,A,A,A,A,A,A,A,A,A,A,A,A,A,A,A,A,A,A,A,A,A,A,A,A,A,B,B,B,B,B,B,B,B,B,B,B,B,B,B,B,B,B,B,B,B,B,B,B,B,B,B,B,B,B,B,B,B,B,B,B,B,B,B,B,B,B,B,B,B,B,B,B,B,B,B,U,A,A,U,A,A,A,A,A,B,B,B,B,B,B,B,B,B,B,B,B,B,B,B,B,B,B,B,B,B,B,B,B,B,B,B,B,B,B,B,B,B,B,B,B,B,B,B,B,B,B,B,B,B,B,B,B,B,B,B,B,B,B,B,B,B,B,B,B,B,B,B,B,B,B,B,B,B,B,B,B,B,B,B,B,B,B,B,B,B,B,B,B,B,B,B,B,B,B,B,B,B,B,B,B,B,B,B,B,B,B,B,B,B,B,B,B,B,B,B,B,B,B
1100991,579713,B,B,B,B,U,B,B,B,B,B,B,B,B,B,B
1101788,5698337,U,B,U,A,B,B,B,B
1105787,1313079,B,B,B,B,B,B,B,B,B,B,B,B,B,B,B,B,U,A,A,A,U
1106486,290047,B,B,B,B,B,B,B,B,B,B,B,B,B,B,B,B,B,B,B,B,U,A,U,A,A,U,A,A,A,U,A,A,A,A,S,S,S,S,S,U,S,S,S,S,S,S,S,S,S,S,S,S,S,U,A,S,S,U,B,U,S,S,S,S,S,S,S,U,S,U,S,U,S,S,S,U,S,S,S,S,U,S,U,S,U,B,U,S,S,U,S,U,S,S,U,B,U,S,S,B,U,S,U,B,A,U,S,U,B,U,A,U,B,A,B,A,A,B,U,A,U,B,U,A,U,B,U,A,U,B,U,B,U,A,S,S,S,S,S,S,S,S,S,S,S,S,S,S,S,S,S,S,S,S,S,A,U,S,S,S,S,S,S,U,S,S,S,S,S,S,S,S,S,S,S,S,S,S,S,S,S,S,S,S,S,S,S,S,S,S,S,S,S,U,S,S,U,S,S,S,S,S,S,S,S,S,U,S,S,S,U,S,U,B,B,B,S,B,B,U,S,U,S,S,U,B,B,S,U,B,S,S,S,S,S,S,S,S,S,U,S,S,S,S,S,S,S,S,S,S,S,S,S,S,S,S,S,S,S,S,S,S,S,S,S,S,S,S,S,S,S,S,S,S,S,S,S,S,S,S,S,S,S,S,S,S,S,S,S,S,S,S,S,S,S,S,S,S,S,S,S,S,S,S,S,S,S,S,S,S,S,B,B,B,B,B,B,B,B,B,B,B,B,B,B,B,B,B,B,B,B,B,B,B,B,B,B,B,U,S,U,S,S,S,S,S,S,S,S,S,S,S,S,S,S,S,S,S,S,S,S,S,S,S,S,S,S,S,S,S,S,S,S,S,S,S,S,S,S,S,S,S,S,S,S,S,S,S,S,S,S,S,S,S,S,S,S,S,S,S,S,S,S,S,S,S,S,S,S,S,S,S,S,S,S,S,S,S,S,S,S,S,S,S,S,S,S,S,S,S,S,S,S,S,S,S,S,S,U,S,S,S,S,S,S,S,S,S,S,S,S,S,S,S,S,S,S,S,S,S,S,S,S,S,S,S,S,S,S,S,S,S,S,S,S,S,S,S,S,S,S,B,B,B,B,B,B,B,B,B,B,B,B,B,B,B,B,B,B,B,B,B,B,B,B,B,B,B,B,B,B,B,B,B,B,B,B,B
1110121,5145120,B,B,B,B,B,B,B,B,B,B,B,U,A,S,S,S,S,S,U,S,U,S,S,S,B,B,U,S,S
1113415,2819014,B,B,B,B,B,B,B,U,B,U,B,U,S,S
1120763,2818508,B,U,B
1136514,3156867,B,B,B,B,B,B,B,A,U,S,S,U,S,U,A,U,B,B,B,S,U,S,S,B,U,S,U,S,S,S,S,U
1138245,1444501,B,B,B,B,B,B,A,U,B,B,U,S,B,B,U,S,U,B,B,B,B,B,U,B,B,U,B,B,B,U,B,U,B,B,B,B,B,B,B,B,B,B,B,B,B,B,B,B,B,B,B,B,B,B,B,B,B,B,B,B,B,B,B,B,B,B,B,B,B,B,B,B,B,B,B,B,B,B,B,B,B,B,B,B,B,B,B,B,B,B,B,B,B,B,B,B,B,B,B,B,B,B,B,B,B,B,B,B,B,B,B,B
1143697,5018327,A,A,U,B,B,B
1150843,1320555,B,B,B,B,U,S,S,U,B,B,B,U,B,B,B,B,B,B,B,B,B,B,B
1154528,3093477,B,U,S,U,B
1155216,5943503,B,B,B,B,B,B,B,B,B,U,A,A,A,A,A,A,A,A,B,U,B,U,B,U,S,B,U,B,S,U,S,S,S,B,U,S,U,B,B,B,B,A,A,A,U,B
1155444,5829583,U
1158343,2083313,B,B,B,B,B,B,B,B,B,B,B,B,B,B,B,B,B,U,B,B,B,B,B,B,B,B,B,B,B,B,B,B,B,B
1159795,5564897,B,B,B,B,B,B,B,B,B,B,B,B,B,B,B,B,B,B,B,B,B,B,B,B,B,B,B,B,B,A,U,B,B
1161937,6383474,B,B,B,B,B,B,B,A,U,B,B,B,B,B,B,B,B,B,B,B,B,B,B,B,B,B,B,B,B,B,B,B,B,B,B,B,B,B,B,B,B,B
1162270,903915,B,B,U,A,U,B,S
1167901,5518056,B,U,S,U,S,S,U,B,B,A,U,B,B,B,B,U,B,B,U,A,A,B,B,B,B,B,B,B,U,B,B,B,B,B,B,B,B,B,B,B,B,B,B,B,B,B,B
1169366,1351816,B,B,B,B,B,B,B,U,B,S,B,B,B
1169540,901468,B,B,A,U,A,U
1169566,5174401,A,U,B,B,S,B,U,S,B
1173321,5003382,B,B
1181888,911757,B,B,B,B,B,B,U,B
1181896,1349856,A
1186246,6426749,A,A,A,A,A,A
1188162,4910742,B,B,S,U,B,B,B
1188562,6367880,B,B,B,B,B,B,B,B,B,B,B,B,B,B,B,B,B,B,B,B,B,B,B,B,B,B,B,B,B,B,B,B,B,B,B,B,B,B,B,B,B,B,B,B,B,B,B,B,B,B,B,B,B,B,B,B,B,B,B,B,B,B,B,B,B,B,B,B,B,B,B,B,B,B,B,B,B,B,B,B,B,B,B,B,B,B,B,B,B,B,B,B,B,B,B,B,B,B,B,B,B,B,B,B,S,U,S,S,S,S,S,S,U,S,B,U,S,B,U,B,U,S,S,U,S,U,S,U,S,S,S,S,S,S,U,S,S,S,S,S,U,S,U,S,S,S,S,S,S,S,S,S,S,S,S,S,S,S,S,S,U,B,U,S,U,A,U,S,S,S,S,S,U,B,B,B,B,U,B,A,B,U,B,U,B,A,U,A,A,A,A,U,A,U,S,S,S,S,S,U,S,S,S,U,B,A,A,U,B,B,B,B,B,B,B,B
1189362,5918040,S,S,S,S,B,U,B,B,B,B
1192152,3132486,B,B,B,B,B,B,B,B,B,B,B,B,B
1194728,2092843,U,B,U,S,S,U,B,B,B,B,B,B,B,B
1195508,4770623,B,B,B,B,U,A,U
1197884,5420342,A,U,A,U,A,U,A,B,U,B
1206036,4907285,S,U
1210802,1678037,B,B,B,B,B,B,B,B,B,B,B,B,B,B,B,U,S,U,S,B
1214089,797215,B,A,A,A,A,A,A,A,A,A,A,A,A,A,A,A,A,A,A,A,A,A,A,A,A,A,A,A,A,A,A,A,A,A,A,A,A
1215248,4988580,B,B,B,B,B,B,B,B,B,B,B,B,B,B,B,B,B,B,B,B,B,B,B,B,B,B,B,U,A,A,U,B,U,B,A,B,U,B,U,A,U,B,A,U,B,U,A,U,B,A,U,B,U,A,U,B,U,B,A,A,U,A,B,A,B,A,U,A,S,U,B,A,U,A,A,U,A,U,A,A,A,A,A,A,A,U,A,S,A,U,A,U,A,A,A,U,A,S,B,B,B
1215746,5834417,B,B,B,A,U,B,A,U,A,U,B,A,B,U,A,B,U,A,B,U,A,U,B,A,B,U,A,B,U,A,B,A,B,U,B,A,U,B,U,A,U,S,U,S,U,B,U,B,A,U,A,U,S,S,S,S,S,U,S,U,S,U,S,B,U,S,S,S,S,U,B,U,B,U,S,B,B,U,A,U,S,U,B,U,B,B,B,B,B,B,B,B,B,B,B,B,U,S,S,S,S,S,U,S,S,S,S,U,S,U,B,S,S,A,S,S,U,S,U,S,U,S,S,U,S,S,S,S,U,S,S,S,U,S,S,S,S,S,S,U,S,U,S,U,S,U,S,U,S,U,S,S,S,S,S,S,S,S,S,U,S,S,B,B,B
1215903,5681581,A,U,B,U,B,U,B,B,U
1222791,6117553,S
1223441,2975695,B,U,B,B,U,A,A,U,S,U,B,B
1229225,3113832,B,U,A,U,A,A,B,B,B,U,B,U,B,U,B,U,B,B,B
1229624,1289437,B,B,U,B,B
1234650,5723502,S,U,S,S,S,S,S,U,B,B,B,B,B,U,S,S,U,S,B,B,U,B,U
1237126,6231399,B,B,U,A,A,A,U,B,B,B,B,B,B,B,B,B,B,B,B,B,B,B
1237337,1357343,U,A,U,B
1240793,907227,U,B
1245277,875653,U
1248608,5641303,B,B,B,B,B,B,B,B,B,B,B,B,B,B,B,B,B,B,A,A,A,A,A,A,A,A,A,A,A,U,S,U,A,A,U,A,U,A,U,A,B,A,U,A,U,A,A,A,A,A,A,A,A,U,A,U,A,A,U,B,A,A,A,A,A,A,A,A,A,A,A,A,A,A,A,A,A,A,A,A,A,A,A,A,A,A,A,A,A,A,A,A,A,A,A,A,A,A,U,B,B,A,A,A,A,A,A,A,A,A,A,A,A,A,A,A,A,A,A,A,A,A,A,A,U,A,A,A,A,A,A,A,A,A,A,A,A,A,A,A,A,B,B,A,A,A,A,A,U,A,U,A,A,U,A,U,A,A,A,B,A,A,A,A,A,A,A,A
1249363,2709099,B,B,B,B,U,A,A,A
1249402,887257,U,B,U,B,U,A,U,S,U
1251990,5259316,B,U,S,U,B,B,B,B,B,B,B
1252222,1392360,U,B,B,U
1255680,1431592,B,B,B,U,B,B,U,B,B,B,B,B,B,B,B
1257953,5698721,A,A,A
1262898,769833,B,B,B,B,B,B,B,B,B,B,B,B,B,B,B,B,B,B,B,B,B,B,B,B,B,B,B,B,B,B,B,B,B,B,B,B,B,U,B,B,B,B,B,B,B,B,U,B,B
1267407,6343680,A,A,A,A,A,A,A,A,U,A,U,A,U,S,U,S,S,U,S,U,B,U,S,S,B,B,U,B,B,B,S,S,S,S,S,U,S,S,S,U,S,S,U
1270989,5676691,B,B,B,B,B,B,B,B,B,B,B,U,S,U,S,U,S,U,S,S,S,U,B,U,B,B,B,B,B,S,B,B,B,U,B,B,U,B,U,B,U,S,S,S,U,S,U,B,U,S,S,A,B,U,B,B,B,B,B,U,B,B,B,B,B,B,U,B,B,B,B
1273816,803965,B,B,B,U,B,B,B,B,B,B,B,B,B
1275419,5760446,B,B,B,B,U,B,B,B,B,B,B,B,B,B,B,B,B,B,B,B,B,B,B,B,B,B,B
1276591,1406276,B,B,B,B,B,B
1286313,2993558,B
1289908,1345706,B,B,B,B,B,B,B,B,B,U,A,B,S,U,B,U,S,S,B,B,B,U,B
1291046,884506,B,B,B,B,B,B,B,B,B,B,B,B,B,B,B,B,U,B,U,A,B,B,B,U,B,B,B,U,B,U,B,B,B,B
1303112,293468,B,A,U
1311277,5316685,B,B,U,B,B,B,B,U,B,B
1319397,897829,B,B,B,B,B,B,B,B,U,B,B
1322471,886057,B,U,B,U
1323149,4880219,B,B,B,B,U,A,U,B,B,B,B
1327733,3035423,U,B,B,B,B
1342007,4700814,B,B,B,B,B,B,B,B,B,U
1344626,5256863,B,B,B,U,B,U
1346892,5374954,B,B,B,B,B,U,B,A,U,B,B
1367725,2141666,B,B,B,B,B,B,B,B,B,B,B,B,B,B,B,B,B,B,B,B,B,B,B,B,B,B,B,B,B,B,B,B,B,B,B,B,U,B,B,B,B,B,B,B,B
1371504,814299,U,B,B
1371691,1398574,A,B,B,U
1375292,3005395,B,B,U,A,A,B,B,U,B,B,B,B
1375467,1273593,B,B,B,B,B,B,B,B,B,B,B,B,B,B,B,B,B,B,B,B,B,B,B,B,B,B,B,B,B,B,B,B,B,B,B,B,B,B,B,B,B,U,A,A,A,A,A,U,B,U,B,B,B,B,B,B,B,B,B,B,B,B,B,B,B,B,B,B,B,B,B,B,B,B,B,B,B,B,B,B,B
1377642,2888731,B,U,A,B,B,U,B
1378888,5822688,B,U,B,B
1380523,6446825,A,A,U,B,B,B,B,B,B,B,B
1381359,5836119,B,B,B,B,B,B,B,B,B,B,B,B,U,A,A,B,B,B,U,B,B,B,B,B,B,B,B,B,B,B,B,B,B,B,B,B,B,B,B,B,B,B,B,B,B,B,B,B,B,B,B,B,B,B,B,B,B,U,B,B,B,B,B,B,B,B,B,B,B,B,B,B,B,B,B,B,B,B,B,B,B,B,B,B,B,B,B,B,B,B,B,B,B,B,B
1382796,1464251,B,U,A,U,S,U,S,B,U,B,S,U,S,S,U,A,U,B,B,B,U,S,U,S,U,B,U,S,S,U,A,U,A,U,A,U,A,A,A,S,U,A,U,A,A,U,A,U,A
1383609,5771514,B,B,B,B,B,B,B,B,B,B,B,B,B,B,B,B,B,B,B,B,B,B,B,B,B,B,B,B,B,B,B,B,B,B,B,U,B,B,B,B,B,B,B,B,B,B,U,B,B,B,B,B,B,U,B,B,B,B,B,B,B,B,B,B,B,B,B,B,B,B,U,B,B,B,B,B,B,B,B,B,B,B,B,B,B,B,B,B,B,B,B,B,B,B,B,B,B,B,B,B,B,B,B,B,B,B,B,B,B,B,B,B,B,B,B,B,B,B,B,B,B,B,B,U,B,B,B,B,B,B,B,B,B,B,B,B,B,B,B,B,B,B,B,B,B,B,B,B,B,B,B,B,B,B,B,B,B,B,B,B,B,B,B,B,B,B,B,B,B,B,B,B,B,B,B,B,B,B,B,B,B,B,B,B,B,B,B,B,B,B,B,B,B,B,B,B,B,B,B,B,B,B,B,B,B,B,B,B,B,B,B,B,B,B,B,B,B,B,B,B,B,B,B,B,B,B,B,B,B,B,B,B,B,B,B,B,B,B,B,B,B,B,B,B,B,B,B,B,B,B,B,B,B,B,B,B,B,B,B,B,B,B,B,B,B,B,B,B,B,B,B,B,B,B,B,B,B,B,B,B,B
1387710,1281758,B,B,B,B,U,B,B,B,A,A,U,B,U,B,U,B,B,A,U,S
1388483,939887,B,B,B,B,U
1388497,5391030,B,B,B,B,B,B,B,B,U,A,A,A,A,S,U,S
1389825,3815406,B,B,A,B,B,B,B,B,B,B,B,B,B
1390544,3156249,B,B,B,B,B,B,U,A,B
1390654,3157086,B,B,U,S,U,B,B
1392538,940783,B,B,U,B,U,B,U,B
1392812,1495593,B,U,S,U,B,B,U,B,B,S,B,U
1393011,5332253,B,U
1394122,1344364,U,B,U,B
1394840,6144096,B,B,B,B,B,B,B,U
1395949,5345302,B
1399298,5954736,U,A,U,A,A,A,A,A,A,U
1401336,1291740,B,A,A,A,A,A
1408236,1288294,B,B,B,B,B,B,B,B,U,S,U,A,U,S,B,U,B,U,S,S,U,B,S,U,B,U
1409567,8308998,B,B,B,B,B,U,A,A,A,A,U,A,U,A,A,S,U,B,U,A,U,A,A,U,B,B,B,B,B,B,B,B,B,B,B,B,B,B,B,B,B,B,B,B,B,B,B,B
1410055,44226204,A,A,A,A,A,A,A,A,A,A,A,A,A,A,A,A,A,A,A,A,A,A,A,A,A,A,A,A,A,A,A,B,U,A,U,B,U,A,B,U,A,U,S,U,S,U,B,A,B,U,A,U,B,U,A,B,U,S,U,S,B,A,S,U,S,U,S,U,S,S,S,U,S,U,S,B,U,S,U,A,S,B,S,U,S,S,A,B,U,S,S,S,U,A,U,A,S,A,U,A,U,A,U,S,U,A,U,A,A,U,S,U,A,U,A,U,S,A,S,U,A,U,A,A,A,A,A,U,A,S,A,U,S,A,A,A,B,B,B,B,B,B,B,B,B,B,B,B,B,B,B,B,B,B,B,B,B,B,B,B,B,B,B,B,B,B,B,B,B,B,B,B,B,B,B,B,B,B,B,B,B,B,B,B,B,B,B,B,B,B,B,B,B,B,B,B,B,B,B,B,B,B,B,B,B,B,B,B,B,B,B
1429735,4690171,B,B,U,B,B
1432280,987478,B,U
1433958,8143826,A,B,B,B,B,B,B,B,B,B
1437865,787825,A,U,B,U,B,U,B,U,S
1449539,886525,B,B,B,B,B,B,B,B,B,U,B
1455906,1328596,B,B,B,U,A,B,U,A,U
1457756,6251546,U
1459325,1499507,B,B,B,B,U
1463401,5413794,B,B,B,B,B,B,B,B,B,B,B,B,B,B,B,B,B,B,B,B,B,B,B,B,B,B,B,B,B,B,B,B,B,B,B,B,B,B,B,B,B,B,B,B,U,A,A,B,B,B,B,B,B,B,B,B,B,B,B,B,B,B,B,B,B,B,B,B,B,B,B,U,B,B,B,B,U,A,U,B,B,B,B,B,B,B,B,B,B,B,U,B,B,B,B,U,A,A,A,U,A,U,B,B,U,A,A,U,B,B,B,B,B,B,B,B,B,B,B,B,B,B,B,B,B,B,B,B,B,B,B,B,B,B,B,B,B,B,B,B,B,B,B,B,B,B,B,B,B,B,B,B,B,B,B,B,B,B,B,B,B,B,B,B,B,B,B,B,B,B,B,B,B,B,B,B,B,B,B,B,B,B,B,B,B,B,B,B,B,B,B,B,B,B,B,B,B,B,B,B,B,B
1468836,2879525,U
1477152,5858328,B,B,B,B,B,B,B,B,B,B,B,B,U,B,B,B,B,B,B,B,B,B,B,B,B,B,B,B,B,B,B,B,B,B,B,B,B
1482321,873994,B,U,S,U,B,B,S,S,S
1483168,5585842,B,B
1484276,778895,A,A
1486218,1297935,B,S
1493002,4723865,B,B,B,B,B,B,B,B,B,B,B,U
1498010,3063980,B,B,U,A
1503209,5836554,B,B,B,B,B,U,B,B
1510599,2999745,A,U,A,U,B,A
1523476,4960155,B,B,B,B,B,B,B,B,B,B,B,B,B,B,B,B,B,B,B,B,B,B,B,B,B,B,U,S,S,S,S,S,S,S,S,S,S,S,U,B,U,S,U,B,U,A,S
1527882,5782064,A,B,B
1527958,5570619,B,B,U,B,B,B,B,B,B
1537041,5606793,B,B,B,U,A,B,B,U,B,U,S,U,B
1540835,4955332,B,B,B,B,B,B,B,B,B,U,A,A,U,B,U,B,B,B
1547493,8064923,U,B,B,B,B,B,B,B,B,B,B,B,B,B,B,B,B,B,B,U,B,B,B,B,B,B,B,B,B,B,B,B,B,B,B,B,B,B,B,B,B,B,B,B,B,B,B,B,B,B,B,B,B,B,B,B
1556284,2773060,B,B,B,B,B,B,B,B,B,B,B,B,U,A,A,U,S,S,U,S,B,U,S,S,U,B,U,B,U,S,B,B,U,S,B,B,A,A,A,U,B,U,B,A,U,B,U,B,B,B,B,B,B,B,B,B,B,B,B,B,B,B,U,B,B,B,B,B,B,B,B,B,B,B,B,B,B,B,B,B,B,B,B,B,B,B,B,B,B,B,B,B,B,B,B,B,B,B,B
1567429,1351165,A,U,B,U,B,B,B,U
1567779,4779260,U,A,A,A,A,U,B,B,B,B,B,B,U,A,U,B,A,U,B,U,S,U,A,U,S,B,B,B,B,B,U,A,U,S,U,S,U,A,B,U,S,U,S,U,S,U,A,S,U,A,A,A
1574064,1388335,B,U,B,U,A,U
1580264,5838168,B,B,B,A,U,B,B,B,B,B
1588027,1347407,U,B,U
1598119,777470,B,B,B,B,U
1604888,5545968,U,B
1605076,1395360,B
1616876,12786930,B,B,B,B,B,B,B,B
1618207,7759086,U,B
1625215,5709779,B,B,A
1629316,76616960,A,U,B,B,B,B,B,B
1639893,2913989,B,B,B,A,B,U,S,S,A,U,B,B,S,U,B,U,B,U,S,U,S,S,U
1643392,843197,B,B,B,B,U
1654214,1282767,A
1655239,5294454,B,A,B,B,B,U,B,S,U,B,B,B
1660942,4309248,A,B,U,B,B,B,B,B,B,B,B,B,B
1669266,297960,B,B
1674538,1464562,S,U
1684480,1351211,B,U,B,B,B,B
1685486,5864048,B,U,A,U,S,U,S,U,A,A,U,B,B,B,S,S,S,S,U,S,S
1686378,829863,B,B,B,B,B,U,S,B,B,B
1702633,780699,B,U,A,A,A,A
1709123,1324140,S
1709444,5018058,B,B,B,B,U,A,U,B,B,B,B,B,B,B
1722043,19595726,A,A,A,A,U,B,B,B,B,B,B,B,B,B,B,B,U,B,B,U,B,B,B,B,B,B,B,B,B,B,B,B
1756203,2910977,B,B,U,A,U,B,B,B
1757402,1317341,B,B,U
1783520,4903515,B,B,U,B,B
1786680,6018070,A,A,U,B
1790621,5083630,B,B,B,U,B,U,A,B,U
1797443,1527892,B,U,B,B,B,B,B,B,B,B,B,B,B,B,B,B,B,B
1798817,821280,B,B,A
1811222,6032538,B,A,A,A,A,A,A,A,A,A,A,A,A,A,A,A,A,A,A,A,A,A
1813898,1328004,U,B,B,B,U
1816294,6035546,B,B,B,B,B,B,U,B,B,B,B,B,B,B
1816811,3001598,B,B,B,B,B,B,B,B,B,B,B,B,B,B,U,B
1817579,5660720,B,B,B,B,B,B,B,B,B,B,B,B,B,B,B,B,B,B,B,B,B,B,B,B,U
1820039,489066,B,B,B,B,B,B,B,B,B,B,B,B,B,B,B,B,B,B,B,B,B,B,B,B,U,B,B,B,B,B,B,B,B,B,B,B,B,B,B,B,B,B,B,B,B,B,B,B,B,B,B,B,B,B,B,B,B,B,B,B,B,B,B,B,B,B,B,B,B,B,B,B,B,B,B,B,B,B,B,B,B,B,B,B,B,B,B,B,B,U,B,B,B,U,B,B,B,B,B,B,B,B,B,B,B,B,B,B,B,B,B,B,B,B,B,B,B,B,B,B,B,B,B,B,B,B,B,B,B,B,B,B,B,B,B,B,B,B,B,B,B,B,B,B,B,B,B,B,B,B,B,B,B,B,B,B,B,B,B,B,B,B,B,B,B,B
1822195,5033498,B,B,U
1824524,3102675,B,U,B,B,B
1824622,2882256,B
1831320,2872985,B,B,B,B,B,B,B,U
1845311,2778683,B,B,B,B,B,U,B,B,B,B,B,B
1882989,5957440,B,B,U,A,U,S,S,S,S,U,S,S,S,S,U,B,B,B,U,S,U,S,S,S,S,S,B,U,B,U,B,U,B,S,S,U,S,U,B,U,B,B,U,B,U,B,B,B,B,B,B,B,B,B,B,B,B,B,B,B,B,B,B,B,B
1928409,1300647,B,B,B,B,B,B,B,U,B,B,U,B
1936451,1508693,A
1944541,6536814,B,U,A,U
1945951,1289771,U,B,U,B
1947535,5136429,B,B,B,B,B,B,B,B,B,B,B,B,B,B,B,B,B,B,B,B,B,B,B,B,B,B,B,B,B,B,B,B,B,B,U,B,B,B,B,B,B,B,B,B,B,B,B,B,B,B,B,B,B
1975514,6045522,B,B,B,B,B,B,A,U,B,U,B,B,U,A,U,B,U,B,B
1980245,290540,B,B,B,B,B,B,B,B,B,B,B,B,B,B,B,B,B,B,B,B,B,B,B,B,B,B,U,A,A,A,B,A,B,U,A,U,A,U,A,B,U,B,B,B,U,B,B,B,B,B,B,B,B,B,B,U,B,U,B,B,B,B,B,B,B,B,B,B,B,B,B,B,B,B,B,B,B,B,B,B
1990155,1444493,B,U
2001695,5451400,B,U,A,B,U,B,U,A,B,B,B,B,B
2031941,5941141,B,B,B,B,B,B,B,B,B,B,B,B,B,B,B,B,B,U,A,U,B,B,B
2055185,5523674,U
2066737,5393435,B,U,B
2078924,5736832,B
2081243,11344290,B,B,U
2101170,864775,B,U,A,A,A,A,A,A,A,A,A,A,A,A,U,B,A,A,A,A,A
2102223,4780720,B,B,U
2116572,3035638,B,U,B
2136308,3015961,B,B,B,B,B,B,U,B,U,S,B,U,B,A,U,B,A,U,B,U,A,B,A,U,B,U,B,B
2161800,2933253,B,B,B,B,B,U,B,B,B,B,U,B
2165059,6343448,A,U
2181359,5133808,B,B
2197635,4973262,B,B,B,B,B,B,B,B,B,B,B,U,A
2200847,1389273,A
2220572,2998165,A,A,A,A,B
2223719,2150054,B,U
2227579,5451160,B,B,B,B,B,B,B,B,B,B,B,B,U,B,B,B,B,B
2230223,888874,B,B,B,B,B,B,B,B,B,B,B,B,B,B,B,B,B,B,B,B,B,B,B,B,B,B,B,B,B,B,B,B,B,B,B,B,B,B,B,B,B,B,B,B,B,B,B,B,B,B,B,U,B,U,B,B,B,B,B,B,B,B,B,B,B,B,B
2238058,7189586,B,B,B,B,B,B,B,B,B,B,B,U,A,A,U,B,B,B,B,B,B,B,B,B,B,B,B,B,B,B,B,B,B,B,B,B,B,B,B,B,B,B,B,B,B,B,B,B,B,B,B,B,B,B,B,B,B,B,B,B,B,B,B,B,B,B,B,B,B,B,B,B,B,B,B,B,B,B,B,B,B,B,B,B,B,B,B,B,B,B,B,B,B,B,B,B,B,B,B,B,B,B,B,B,B,B,B,B,B,B,B,B,B,B,B,B,B,B,B,B,B,B
2271529,7884000,B,B,B,B,B,B,A,A,A,B
2278462,1373755,B,B,B,B,B,U,A,S,B,B
2297055,4717912,B,B,B,B,U,B,B
2298077,6369343,B,B,U,A,A,U,A,A,A,A,A,U,A,A,A,A,A,B,B,B,B,B,B,B,B,B,B,B,B,B,B,B,B,B,B,B,B,B,B,B,B,B,B,B,B,B,B,B,B,B,B
2301256,4695566,B,B,B,B,B,B,B,B,U,B,U,S,U,B,B
2302591,7984414,B,B,B,B,B,U,B,B,B,B,B,B,B,B,B,B,B,B,B,B,B,B,B,B,B,B,B,B,B
2338302,7235936,B,B,U
2347091,939959,B,S,U,B,A,B,B
2358136,2015228,B,B,B,B,B,B,B,B,B,B,B,B,B,B,B,U,B,B,B,B,B,B,B
2361520,5045307,U,B,U,B
2368704,4717483,B,B,B,B,B,B,B,U,A,B,B,B,B,A,B
2415408,1843154,B,B,B,B,B,U,B,U,B,B,B,B
2428091,37869270,A,U,B
2440376,5480795,B,B,B,B,B,A,U,B,B,B,B
2448409,5200659,B,B,B,B,B,B,B,B,B,B,B,U,B,B,B,B,B,B,B,B,U,B,B,B,B,B,B
2448610,12024591,S,U,S,B,B,B,U,S,S,U,S,U,B
2462905,2971602,B,B,B,B,B,B,B,B,B,B,B,B,B,B,B
2483154,4982014,A,A,A,A,A,A,S,U,A,A
2483765,2133890,B,B,U,B,B,U
2525284,5886949,U,B,B,B,B,B,B,B,B,B,B,B,B,B
2549385,6045125,B,B,B,B,B,B,B,S,B,B,B,U,B,B,B,B,B,B,B,B,B,B,B,U,B,B
2565916,5082414,B,B,B,B,B,B,B,B,B,B,B,B,B,B,U,B,B,B,B,U,B,B,B,B,B,B,B,B,A,A,U,B,B,B,B,B,B,U,B,U,B,B,B,B,B,B,B,B,B,B,B,B,B,B,B,B
2589086,3066531,B,B,B,B,B,U,A,A,A,U,A,U,B,U,S,B
2602401,6307531,B,U,S,S,U
2636905,2872240,B,B,B,B,A
2670910,16850143,B,A,A,A,U,B,B,B,B,B,B,B
2699442,6046847,B
2703241,7316981,B,B,B,B,B,B,B,B,B,B,B,B,B,B,B,B,B,B,B,B,B,B,B,B,B,U,B,B,B,B,B,B,B,B,B,B,B,B,B,B
2733181,17729905,S,S,B,B
2750455,1484768,U
2760296,1712125,U,B,B,B
2780325,6155501,B,B,B,B,B,A,A,B,B,B,B,B,B,B,B,B,B,B,B,B,B,B,B,B,B,B,B,B,B,B,B,B,B,B,B,B,B,B,B
2781913,863094,B,B,B
2786714,806514,B,B,B,B,B,B,B,B,B,U,S,U,S,U,S,B,B,B
2813499,2156743,B
2819715,6077838,B,U,B,U,B
2822529,5239958,B,B,B,B,B,B,U,B,B
2826548,797478,B,B,B,B,B,B,B,B,B,B,B,B,B,B,B,B,B,B,B,U,B,B,B,B
2841820,5473575,B,B,B,B,B,B,B,B,B,B,A,B,B,B,B,B,B,B,B,B,B,B,B,B,B
2853679,1609015,B,B,B,B,B,U,B,B,B,B,B
2890829,896109,B,B,B,B,B,B,B,B,A,B,B,B,B,B,B,B
2902474,1329530,B,U
2904001,15577654,B,B,B,B,B,B,B,B,B,B,B,B,B,B,B,B,B,B,B,B,B,B,B,B,B,B,B,B,B,B,A,A,B,B,B,B,B,B,B,B,B,B,B,B,B,B,B,B,B,B,B,B,B,B,B,B,B,B,B,B,B,B,B,B,B,B,B,B,B,B,B,B,B,B,B,B,B,B,B,A,U,B,U,A,A,U,A,U,A,U,B,B,B,B,B,B,B,B,B
2923075,3055496,U
2969067,769691,B,B
2976454,3057165,U,A,U,S,U,S,U,B,B,B,B,B,B,B,B,B,B,B,B,B,B,B,B,B,B,B,B,B,B,B,B,B
2986698,15550837,B,B,B,B,B,B,B,B,B,B,B,B,B,B,B,B,B,B,U,B,B,B,B,B,B,B,B,B,B,B,B,B,B,B,B,B,B,B,B,B,B,B,B,B,B,B,B,B,B,B,B,B,B,B,B,B,B,B,B,B,B
3041960,888457,B,S,S,S,U,A,S,S,U,B,A,U,A,U,S,U
3047887,6049501,B,B,B,B,B,B,U,B,B,B,B,B,B,B,B,B
3049639,5628790,A,A,A
3051846,1325719,B,B,B,B,B,B
3074535,7334460,B,B,B,U,A,B,B,B,B,B
3084133,2144947,B,B,B,B,B,U,B,B,B,B,B,B,B,B,B,B
3086203,4774104,U,B,U
3086572,5102057,B,B,B,B,B,B,B,U,B,B,U,B,B,B,B,B,B,B,B,B,B,B,B,B,B,B,B,B,B,B,A,A,A,U,B,B,B,B,B,B,B,B,B,B,B,B,B,B,B,B,B,B,B,B,B,B,B,B,B,B,B
3126131,5438804,B,B,B,B,B,B,B,B,B,B,U,B,B,B,B,B,B,B,B,B
3165073,3064624,B,U
3201429,5739284,B,B,A,S,U,B,B,B,B
3203458,3058024,B,U,B
3227434,2256965,B,B,B,U,B,B,B,B,B,B,B,B,B,B,B,B,B,B,B
3247675,5318308,U,B
3248106,6224580,U,B,U,B,U,A,B,A,B,B,B,B
3292704,2941510,B,A,B,U,A,S,B,U,B,B,B,B,B,B
3299357,2884277,U,B,B,B,B,B,B,B,B,B,B,B,B,B
3300448,5544980,B,A,U,A,B,B,B,B,B,B,B,B
3301374,5583000,S,S,S,U,B
3305478,5612698,B,B,B,B,B,U,A,U,S,U,S
3331982,6426869,U,B,B,B,B,B,B
3333047,5750337,B,B,B,B,B,B,B,B,B,B,B,B,B,B,B,B,B,B,B,B,B,B,B,B,B,B,B,B,B,B,B,B,B,B,B,B,B,B,B,B,B,B,B,B,B,B,B,B,B,B,B,B,B,B,B,B,B,B,B,B,B,B,B,B,B,B,B,B,B,B,B,B,B,B,B,B,B,B,B,B,B,B,B,B,B,B,B,B,B,B,B,B,B,B,B,B,B,B,B,B,B,B,B,B,B,B,B,B,B,B,B,B,B,B,B,B,B,B,B,B,B,B,B,B,B,B,B,B,B,B,B,B,B,B,B,B,B,B,B,B,B,B,B,B,B,B,B,B,B,B,B,B,B,B,B,B,B,B,B,B,B,B,B,B,B,B,B,B,B,B,B,B,B,B,B,B,B,B,B,B,B,B,B,B,B,B,B,B,B,B,B,B,B,B,B,B,B,B,B,B,B,B,B,B,B,B,B,B,B,B,B,B,B,B,B,B,B,B,B,B,B,B,B,B,B,B,B,B,B,B,B,B,B,B,B,B,B,B,A,A,A,U,A,A,A,U,S,S,S,U,B,U,A,U,S,S,U,B,U,S,A,B,S,U,B,U,S,U,B,A,S,S,U,S,A,B,B,B,B,B,B,U,B,B,B,B,B,B,B,B,B,B,B,B,B,B,B,B,B,B,B,B,B,B,B,B,B,B,B,B,B,B,B,B,B,B,B,B,B,B,B,B,B,B,B,B,B,B,B,B,B,B,B,B,B,B,B,B,B,B,B,B,B
3347816,2113911,U,B,B
3347954,9514638,B,U,A,A,U,B,B,U,B,B,B
3353365,21533461,B,B,U,A,U,B,S,U,B,U,A,U,B
3353771,2087847,B,B,U,B,U,S,U,S
3358477,12320731,B,B,B,B,B,U,A,A,B,U,B,B,B,B,U,B,U,B,B,B,B,B,U,B,B,B,B,B,B,B,B,B,B,B,B,B,B,B,B,B,B,B,B,B,B,B,B,B,B,B,B,B,B,B,B,B,B,B,B,B,B,B,B,B,B,B,B,B,B,B,B,B,B,B,B,B,B,B,B,B,B,B,B,B,B,B,B,B,B
3373786,5874564,B,B,B,B,B,B,U,B,B,B,B,B,B,B,B,B
3374314,1468308,U,B,B,B,B,B,B,B
3402630,6425637,B,B,B,B,A,U,A,A,A,A,A,A,A,A,A,A,A
3406780,4884150,B,U
3415486,6361164,B,B,B,B,B,U,A,U,S,U,S,U,S,B,B,B,B,U,B,B,B,B,B,B,B,B,B,B,B,B,B,B,B,B,B,B,B,B
3423143,6441329,B,B,B,B,B,U,B
3442761,5610801,B,U,B,B,A,U,S,U,B,B,B
3447521,4657742,A
3478349,14280038,B,B,B,B,B,B,B,B,B,B,U,B,B,B,B,B,B,B,B,B,B,B,B,B,B,B,B,B,B,B
3485339,786513,B,B,B,U,B,U,B,U,B,U,B,U
3515455,4893327,B,U
3519132,6396151,B,U,S,U,S,B,B,U,B
3538692,5918813,B,U,A,B,B,B,B,B,B,B,B,B,B,B,B,B,B,B,B,B,B,B,B,B,B,B,B,B,B,B,B,B,B,B,B,B,B
3541164,931794,B,B,B,B,A
3548440,4975869,B,U,A,U
3577882,12525592,B,B,B,B,B,B,B,B,B,B,B,B,B,B,B,B,B,B,B,B,B,B,B,B,B,B,B,B,B,B,B,B,B,B,B,B,U,A,A,A,A,A,U,B,B,B,B,B,B,B,B,B,B,B,B,B
3594189,1351397,B,B,B,B,B,B,B,B,B,B,B,B,B,B,B,B,B,B,B,B,U,A,A,B,U,B,U,B,B,U
3608714,2470678,B,B,B,U,B,B,B,B,B,B,B,B,B
3608958,3152163,B,B,B,B,B,B,B,U,B
3624686,12962008,B,B,S,B
3632806,24675736,U,S,U
3758675,5922245,B,B,B,B,B,B,B,B,B,B,B,B,B,B,B,B,B,B,B,B,B,B,B,B,B,B,B,B,B,B,B,B,B,B,B,B,B,B,B,B,B,B,B,B,B,B,B,B,B,B,B,B,B,B,B,B,B,B,B,B,B,B,B,B,B,B,B,B,A,A,B,U,B,B,B,B,B,B,B,B,B,B,B,B,B,B,B,B,B,B,B,B,B,B,B,B,B,B,B,B,B,B,B,B,B,B,B,B,B,B,B,B,B,B,B,B,B,B,B,B,B,B,B,U,B,B,B,B,B,B,B,B,B,B,B,B,B,U,B,U,B,B,B,B,B,B,B,B
3764007,3852981,U,S
3764162,3159086,U
3774500,4907794,B,B,B,U,S,S,U,B,B,B,B,B,B,B,B,B,B,B,B
3780169,8562972,B,B,B,B,U,B,U,B,B,B,B,B,B,B,B
3783447,5577840,B,B,B,B,B,U,B,B,B,B,B,B,B,B,B,B,B,B,B
3809681,27791105,B,B,B,B,B,B,B,B,U,B,B,B,B,B,B,B,B,B,B,B,B,B,B,B,B,B,B,B,B,B,B,B,B,B,B
3827795,6290295,B,B,U,A,U,B,U,B,U,B,U,B,U,A,U,B,U,A,B,B
3835720,5676753,B,B,B,B,B,B,B,B,B,B,B,B,B,B,U,S,U,B,B,B,B,B,B,A,B,U,B,B,B,B,B,B,B,U,S,U,B,U,B,U,B,U,S,S,S,U,S,B,U,B,U,B,U,B,U,A,U,B,B,B,B,U,B,B,A,U,B,B,U,B,B,B,B,B,B,B,B,B
3840653,2945337,B,B,B,B,A,A,U,B,B,B,B,B,B,B,B,B,B,B,B,B,B,B,B,B,B,B,B,B,B,B,B
3848961,910278,B,B,U
3853932,5986407,B,U,S,B,B,B,B,B,B,B,B,B,B,B,B,B,B,B,B,B,B,B
3855006,2813579,B,B,B,B,B,B,B,U
3859022,2088502,B,B,B,B,B,B,B,B,B,B,B,B,B,B,U,A,B,U,B,U,B,U,B,U,B,U,B,U,B,B,B,B,B,A,B,B,B,U,A,B,B,B,B,B,B,B
3864345,4104675,B,B,B,A,A,U,B,B,U,B,U,B,B,B,B,B,B,B,B,B,B,B,B,B,B,B,B,B
3873583,6253350,B,B,B,B,B,B,B,B,B,B,B,B,B,B,B,B,B,U,A,A,A,B,U,B,U,B,B,B,B,U,B,B,B,B,B,B,B
3887333,1738210,A,B,B,B,B,B,B,B,B,B,B,B,B,B,B,B,B,B,B,B,B,B,B,B,B,B,B,B,B,B,B,B,B,B,B,B,B,B,B,B
3924440,905300,U
3937570,3097441,B,B,B,B,B,B,B,B,B,B,B,B,B,B,B,B,A,A,A,A,A,A,U,B,B,B,B,U,A,A,B,B,U,A,A
3941887,7086928,B,U,B
3968064,5797171,B,B,B,B,B,U
4029104,2164529,B,B,B,B,B,B,B,B,B,B,B,B,B,B,B,B,B,B,B,U,A,A,A,U,S,B,B,B,A,A,A,A,A,U,S,S,B,U
4078037,1349540,B,B,A,A,A,U,A,A,A,A,A,A
4079762,5250881,B
4123650,3111164,U,A,B,U,S,U,S
4160600,897992,B,B,U,A
4179602,4965710,B,B,A,U,B
4193351,1351562,U,B,U,B,A,U,B,B,B,B,B,B,B,B,B,B,B,B,B,U,B,A,U,A,S,S,U,S,U,B,U,B,U,B,B,B,B,B,B,B,B,B,B,B,B,B
4220523,2953365,B,U
4242139,3008953,S,U
4243743,5929856,B,U,B,S
4256853,4833949,U,S,B,B,B,B,B,B
4273400,1355142,B,B,B,B,B,B,B,B,B,B
4277052,6293876,U
4290446,4911704,B,U
4355315,807058,B,B,B,U,A,A,A,U,S,U,B,B,B,B,B
4363737,5513608,B,B,B,B,B,B,B,B,B,B,B,B,B,B,B,A,U,A,A,A,A,U,B,U,B,B,B,B,B,B,B,B,B,B,B,B,B,U,B,U,S,S,S,S,S,S,S,U,B,U,B,B,B
4462963,1311668,B,B,B,U
4471111,844609,A,A,A,A,A,A,A,A,A,A,A,A,A,A,A,A,A,A,A,A,A,A,A,A,A,A
4516857,5100914,B,B,B
4534571,30549618,B,B,B,B,B,B,B,B,B,B,B,B,B,B,B,B,A,A,A,A,A,A,A,A,A,A,A,U,B,B
4542573,6736348,B,B,B,B,B,B,B,B,B,B,B,B,B,B,B,B,B,B,B,B,B,B,B,B,B,B,B,B,B,B,B,B,B,B,B,B,B,B,B,B,B,B,B,B,B,B,B,B,B,B,B,B,B,B,B,B,B,B,B,B,B,B,B,B,B,B,B,B,B,B,B,B,B,B,B,B,B,B,B,B,B,B,B,B,B,B,B,B,B,B,B,B,B,B,B,B,B,B,B,B,B,B,B,B,B,B,B,B,B,B,U,A,U,B,B,B,B,B,B,B,B,B,B,B,B,B,B,B,B,B,B,B,B,B,B,B,B,B,B,B,B,B,B,B,B,B,B,B,B,B,B,B,B,B,B,B,B,B,B,B,B,B,B,B,B,B,B,B,B,B,B,B,B,B,B,B,B,B,B,B,B
4553045,26514372,B
4581393,3185813,U,B,B,B,B,B,B,B
4600734,3053296,B,B,B,B,B,B,B,B,B,B,B,B,B,B,B,B,B,B,B,B,B,B,B,B,B,B,B,U,A,U,A,A,S,U,B,B,B,B,B,B,B,B,B,B,U,A,S,S,S,U,S,S,U,S,U,S,S,U,S,S,U,B,S,U,A,B,S,S,S,S,S,S,S,S,S,U,S,S,S,S,S,S,S,S,U,S,U,S,U,B
4728355,6326312,B,B,B,A,A,A
5805022,9593454,B,B,B,B,B,B,B,B,B,B,B,B,B,B,B,B,B,B,B,B,B,B,B,B,B,B,B,B,B,B,A,A,A,A,U,B,A,B,B,B,B,B,B,B,B,B
5852366,3055592,B,U,A,U,S
5856924,4836399,B,B,U,B
5874788,66812646,B,B
5884748,5419812,B,B,A
5893995,36904674,B,B,B,U,A,A,A,A,U
5894468,1515106,B,B,B,B,U,S,U
5894964,5907649,B,B,B,B,B,A,U,B,B,U,B,B,B,B,U,B,B,B
5905610,2068901,B,B,B,B,B,B,B,U,B,U,A,B,U,B,B,B
5909364,5678947,B,B,B,U,S,U
5944758,6767392,B,B,B,U,B,B,B
5948220,5843112,B,B,B
5965357,3066617,B,B,B
5975084,4675948,B,U,B,B,B,B,B,B
5976845,861249,U
5993012,4980009,B,U,S,S,S,S,S
5994334,13612887,A,A,B
6006077,2171544,B,B,B,B,B,B,B,B,B,B,B,B,B,B,A,A,A,A,A,A,A,A,U,B,B,B,B,B,B
6094146,3016003,B,B,B,B,B,B,B,B,B,B,B,U
6103361,2860396,B,B,B,B,B,A,A,B,B,B,B,B
6109089,5769959,B,B,B,B,B,B,B,B,B,B,U,B,B
6126057,2106801,B,B,B,B,B,B,B,B,B,B,B,B,B,B,B,B,B,B,B,U,B,B,B,B,B,B,B,B,B,B,B,B,B
6146459,33104144,S,U,B,B,B,B,B,B,B,B,B,B,B,B
6198851,1527977,A,A,A,A,A,A,A,A,A,A,A,A,A,A,A,A,A,A,A,A,A,A,A,A,A,A,A,A,A,A,U,B,B,B,B,B,B,B,B,B,B,B,B,B,B,B,B,B,B,B,B,B,B,B,B,B,B,B,B,B,B,B,B,B,B,B,B,B,B,B,B
6210623,5367530,B,U,A,U
6216522,2770522,B,B,B,B,B,B,B,B,B,B,B,B,B,B,B,B,B,B,B,B,B,B,U,B,A,U,B,B,B,B,U,B
6221232,5621984,B,B,U,B
6232220,1459970,U,S,U
6256195,2103351,B,B,B,B,B,B,B,B,B,U,A,B,B,B,B,B,B,B,B,B,B,B,B,B,B,B,B
6276586,4718530,B,B,A,A,U,A,U
6288189,10248734,B,U,A
6406343,6096353,B,B,U,B,B,B,B,B,B,B,B,B,B,B,B,B,B,B,B,B
6423618,6448758,B,B,U,A,U,B,U,A,A,B,B,B,B
6467938,3079273,B,B,B,B,B,B,B,B,B,B,B,B,B,B,B,B,B,B,A,A,U,S,U,S
6474927,1508442,B,B,B,B,B,B,B,B,U,A,B,B,B,B,B
6554382,16774697,B,B,B,B,B,B,B,B,B,B,B,B,B,B,B,B,B,U,A,B,B,B,U,B,B,B,B,B,B,B,B,B,B,B,B,B,B,B,B,B,B,B,B,B,B,B,B
6558706,15482108,B,B,B,B,B,B,B,B,B,B,B,B,B,B,B,B,B,B,B,B,B,B,B,B,B,B,B,B,B,B,B,B,B,B,B,B,B,B,B,B,B,B,B,B,B,B,B,B,B,B,B,B,B,B,B,B,B,B,B,B,B,B,B,B,B,B,B,B,B,B,B,B,B,B,B,B,B,B,B,B,B,B,B,B,B,B,B,B,B,B,B,B,B,B,B,B,B,B,B,B,B,B,B,B,U,S,U,A,A,A,A,A,U,A,S,U,S,B,U,S,U,S,S,S,U,B,U,S,U,A,S,U,S,S,S,U,S,U,S,U,S,S,U,S,U,A,U,S,S,U,S,S,S,S,U,S,U,A,U,B,B,B,B,U,S,S,U,S,S,U,S,U,B,S,S,S,U,B,U,S,U,A,A,A,A,A,S,S,U,B,S,U,S,S,S,U,A,U,A,A,A,A,A,S,U,S,B,U,S,S,U,S,S,S,S,S,S,S,S,S,S,S,S,U,S,S,U,S,S,B,S,A,U,S,S,U,B,A,U,S,U,B,U,A,U,S,U,B,U,A,S,U,S,S,U,A,A,A,A,A,A,A,A,A,A,A,A,U,S,S,S,S,U,S,U,S,S,U,S,S,U,A,S,S,U,S,S,U,A,S,U,B,A,U,S,B,U,S,S,U,B,B,B,B,B,B,B,B,B,B,B,B,B,B,B,B,B,B,B,B,B,B,B,B,B,B,B,B,B,B,B,B,B,B,B,B,B,B,B,B,B,B,B,B,B,B,B,B,B,B,B,B,B,B,B,B,B,B,B,B,B,B,B,B,B,B,B,B,B,B,B,B,B,B,B,B,B,B,B,B,B,B,B,B,B,B,B,B,B,B,B,B,B,B,B,B,B,B,B,B,B,B,B,B,B,B,B,B,B,B,B,B,B,B,B,B,B,B,B,B,B,B,B,B,B,B,B,B,B,B,B,B,B,B,B,B,B,B,B,B,B,B,B,B,B,B,B,B,B,B,B,B,B,B,B,B,B,B,B,B,B,B,B,B,B,B,B,B,B,B,B,B,B,B,B,B,B,B,B,B,B,B,B,B,B,B,B,B,B,B,B,B,B,B,B,B,B,B,B,B,B,B,B,B,B,B,B,B,B,B,B,B,B,B,B,B,B,B,B,B,B,B,B,B,B,B,B,B,B,B,B,B,B,B,B,B,B,B,B,B,B,B,B,B,B,B,B,B
6635211,11468481,U,B,U,B,U,B,B,B,B,B,B,B,B,B,B,B,B,B
6640054,3062330,B,A,U,A,B,U,S,B,S,U,B,U,B,B,U,A,A,S
6646439,4131105,U,B,B,B,B
6677538,5531634,B,B,B,B,B,B,B,B,B,B,A,U,B,B,B,U,B,B,B,B,B,B,B
6694890,2774993,B,A,U
6742501,5397979,B,B,B,B,B,B,B,B,B,B,B,B,B,B,B,B,B,B,B,U,B
6786356,1397064,B,B,U,B,B
6790513,7037593,B,B,B,U,A,A,A,A,U,B,B,B,B,B,B,B,B,B,B
6797884,847146,B,S,A,U,S
6816656,8976925,U,S,U,A,U,S,U,B,U,B,B,B,B,B,B,B,B,B,B,B,B,B,B,B,B,B,B,B,B,B,B,B,B,B,B,B,B
6820402,5347801,B,B,B,B,B,B,B,B,B,B,B,U,B,B,U
6833229,48089518,S,S,U,A,U,S,S,S,S,S,S,U,S,U,S,S,U,S,S,S,U,B,U,S,S,U,S,A,U,B,U,S,A,U,S,U,B,A,S,U,A,U,A,A,S,U,B,B,B,B,B,B,B,B,B,B,B,B,B,B,B,B,B,B,B,B,B,B,B,B,B,B,B,B,B,B,B,B,B,B,B,B,B,B,B,B,B,B,B,B,B,B,B,B,B,B,B,B,B,B,B,B,B,B,B,B,B,B,B,B,B,B,B,B,B,B,B,B,B,B,B,B,B,B,B,B,B,B,B,B,B,B,B,B,B,B,B,B,B,B,B,B,B,B,B,B,B,B,B,B,B,B,B,B,B,B,B,B,B,B,B,B,B,B,B,B,B,B,B,B,B,B,B,B,B,B,B,B,B,B,B,B,B,B,B,B,B,B,B,B,B,B,B,B,B,B,B,B,B,B,B,B,B,B,B,B,B,B,B,B,B,B,B,B,B,B,B
6858124,2082875,B,U
6867550,2788141,B,B,A,U,B,U
6880247,5895502,B,A,B,B
6926552,4441160,A,A,A,U,A,B,B,B,B,B,B,B,B,B
6973124,5667968,B,U,B
6994591,23530428,B,B,B,B,B,B,B,B,B,B,U,B,B,B,B,B,B,B,B,B
7075890,5344165,B,U
7079739,6297300,B,B,U
7091080,37113268,B,B,B,B,B,B,B,B,B,B,B,B,B,B,B,B,B,B,B,B,B,B,B,B,B,B,B,B,B,B,B,B,B,B,B,B,B,B,B,B,B,B,B,B,B,B,B,B,B,B,B,B,B,B,B,B,B,B,B,B,B,B,B,B,B,B,B,B,B,B,B,B,B,B,B,B,B,B,B,B,B,B,B,B,B,B,B,B,B,B,B,B,B,B,B,B,B,B,B,B,B,B,B,B,B,B,B,B,B,B,B,B,B,B,B,B,B,B,B,B,B,B,B,B,B,B,B,B,B,B,B,B,B,B,B,B,B,B,B,B,B,B,B,B,B,B,B,B,B,B,B,B,B,B,B,B,U,A,B,B,B,B,B,B,B,A,U,B,B,B,B,B,B,B,B,B,B,B,B,B,B,B,B,B,B,B,B,B,B,B,B,B,B,B,B,B,B,B,B,B,B,B,B,B,B,B,B,B,B,B,B,B,B,B,B,B,B,B,B,B,B,B,B,B
7305781,6368921,B,U
